CREATE DATABASE LMS ;

USE LMS ;

CREATE TABLE LMS_MEMBERS   
(  
    MEMBER_ID VARCHAR(10),   
    MEMBER_NAME VARCHAR(30) NOT NULL,   
    CITY VARCHAR(20),   
    DATE_REGISTER DATE NOT NULL,   
    DATE_EXPIRE DATE,   
    MEMBERSHIP_STATUS VARCHAR(15) NOT NULL,   
    CONSTRAINT PK_MBR_ID PRIMARY KEY (MEMBER_ID)    
);



CREATE TABLE LMS_SUPPLIERS_DETAILS   
(  
SUPPLIER_ID VARCHAR(3),   
SUPPLIER_NAME VARCHAR(30) NOT NULL ,   
ADDRESS VARCHAR(50),   
CONTACT INT NOT NULL ,   
EMAIL VARCHAR(15) NOT NULL ,   
CONSTRAINT PK_SP_ID PRIMARY KEY (SUPPLIER_ID)  
);


CREATE TABLE LMS_BOOK_DETAILS   
(  
    BOOK_CODE VARCHAR(10),   
    BOOK_TITLE VARCHAR(100) NOT NULL,   
    CATEGORY VARCHAR(15) NOT NULL,   
    AUTHOR VARCHAR(30) NOT NULL,   
    PUBLICATION VARCHAR(30),   
    PUBLISH_DATE DATE,   
    BOOK_EDITION INT,   
    PRICE DECIMAL(8, 2) NOT NULL,   
    RACK_NUM VARCHAR(3),   
    DATE_ARRIVAL DATE,   
    SUPPLIER_ID VARCHAR(3),   
    CONSTRAINT PK_BOOK_CODE PRIMARY KEY (BOOK_CODE),   
    CONSTRAINT FK_SP_ID FOREIGN KEY (SUPPLIER_ID) REFERENCES LMS_SUPPLIERS_DETAILS (SUPPLIER_ID)  
);





CREATE TABLE LMS_FINE_DETAILS  
(  
    FINE_RANGE VARCHAR(3),   
    FINE_AMOUNT DECIMAL(10, 2) NOT NULL,   
    MAX_DAYS_DELAYED INT,   
    CONSTRAINT PK_FR PRIMARY KEY (FINE_RANGE)  
);



CREATE TABLE LMS_BOOK_ISSUE  
(	 
    BOOK_ISSUE_NO INT NOT NULL,  
    MEMBER_ID VARCHAR(10) NOT NULL,  
    BOOK_CODE VARCHAR(10) NOT NULL,  
    DATE_ISSUE DATE NOT NULL,  
    DATE_RETURN DATE NOT NULL,  
    DATE_RETURNED DATE,  
    FINE_RANGE VARCHAR(3),  
    CONSTRAINT PK_BOOK_ISSUE_NO PRIMARY KEY (BOOK_ISSUE_NO),  
    CONSTRAINT FK_MEM_ID FOREIGN KEY (MEMBER_ID) REFERENCES LMS_MEMBERS (MEMBER_ID),  
    CONSTRAINT FK_BOOKDETAIL FOREIGN KEY (BOOK_CODE) REFERENCES LMS_BOOK_DETAILS (BOOK_CODE),  
    CONSTRAINT FK_FINEDETAIL FOREIGN KEY (FINE_RANGE) REFERENCES LMS_FINE_DETAILS (FINE_RANGE), 
    CONSTRAINT CHK_DATE_ISSUE CHECK (DATE_ISSUE < DATE_RETURN)  
);




INSERT INTO LMS_MEMBERS (MEMBER_ID, MEMBER_NAME, CITY, DATE_REGISTER, DATE_EXPIRE, MEMBERSHIP_STATUS) VALUES 
('LM001', 'Akshay', 'CHENNAI', '2018-06-12', '2020-10-26', 'Temporary'),
('LM002', 'Amruta', 'PUNE', '2020-03-02', '2020-06-03', 'Temporary'),
('LM003', 'Ashish', 'CHENNAI', '2018-06-12', '2020-08-17', 'Permanent'),
('LM004', 'Bhakti', 'CHENNAI', '2018-06-12', '2020-05-12', 'Temporary'),
('LM005', 'Gautam', 'BANGALORE', '2018-06-12', '2020-11-06', 'Temporary'),
('LM006', 'Hetvi', 'CHENNAI', '2018-06-12', '2020-10-26', 'Permanent'),
('LM007', 'Mayur', 'Pune', '2019-09-19', '2020-10-19', 'Permanent'),
('LM008', 'Nikhil', 'Bangalore', '2020-03-09', '2020-06-03', 'Permanent'),
('LM009', 'Nikita', 'Delhi', '2012-12-12', '2021-12-12', 'Temporary'),
('LM010', 'Preity', 'Kerala', '2019-06-17', '2020-08-11', 'Permanent'),
('LM011', 'Priti', 'Punjab', '2019-08-19', '2023-12-23', 'Permanent'),
('LM012', 'Rasika', 'CHENNAI', '2018-06-12', '2020-10-26', 'Temporary'),
('LM013', 'Renuka', 'PUNE', '2020-08-02',  '2020-06-03','Temporary'),
('LM014','Sandeep','CHENNAI','2018-06-12','2020-08-17','Permanent'),
('LM015','Saurabh','CHENNAI','2018-06-12','2020-05-12','Temporary'),
('LM016','Sayali','BANGALORE','2018-06-12','2020-11-06','Temporary'),
('LM017','Shruti','CHENNAI','2018-06-12','2020-10-26','Permanent'),
('LM018','Smita','Pune','2019-09-19','2020 -10 -19 ','Permanent'),
('LM019','Snehal','Bangalore','2020 -03 -09 ','2020 -06 -03 ','Permanent'),
('LM020','Supriya','Delhi','2012 -12 -12 ','2021 -12 -12 ','Temporary'),
('LM021','Writankar','Kerala','2019 -06 -17 ','2020 -06 -17 ','Permanent'),
('LM022','Amit','Punjab','2019 -08 -19 ','2023 -12 -23 ','Permanent'),
('LM023','Ritesh','Bangalore','2018 -06 -12 ','2020 -08 -17 ','Permanent'),
('LM024','Gaurav','Delhi','2018 -06 -12 ','2020 -05 -12 ','Temporary'),
('LM025','Sagar','Kerala','2018 -06 -12 ','2020 -11 -06 ','Temporary');



------------------------------------------------------------------------------------------

ALTER TABLE LMS_SUPPLIERS_DETAILS ALTER COLUMN CONTACT BIGINT;



INSERT INTO LMS_SUPPLIERS_DETAILS (SUPPLIER_ID, SUPPLIER_NAME, ADDRESS, CONTACT, EMAIL) VALUES 
('S01', 'SINGAPORE SHOPPEE', 'CHENNAI', 9894123555, 'sing@gmail.com'),
('S02', 'JK Stores', 'MUMBAI', 9940123450, 'jks@yahoo.com'),
('S03', 'ROSE BOOK STORE', 'TRIVANDRUM', 9444411222, 'rose@gmail.com'),
('S04', 'KAVARI STORE', 'DELHI', 8630001452, 'kavi@redif.com'),
('S05', 'EINSTEN BOOK GALLARY', 'US', 9542000001, 'eingal@aol.com'),
('S06', 'AKBAR STORE', 'MUMBAI', 7855623100, 'akbakst@aol.com'),
('S07', 'GUPTA STORE', 'CHENNAI', 9899023555, 'rom@gmail.com'),
('S08', 'D MART', 'MUMBAI', 9940123450, 'dance@gmail.com'),
('S09', 'BIG BAZAAR', 'TRIVANDRUM', 9445511222, 'rock@gmail.com'),
('S10', 'JIO MART', 'DELHI', 8644001452, 'free@rediff.com'),
('S11', 'GODREJ FARM', 'US', 9542440001, 'champ@yahoo.com'),
('S12', 'ZOMATO', 'MUMBAI', 7855623440, 'money@gmail.com');


------------------------------------------------------------------------------------------------


ALTER TABLE LMS_BOOK_DETAILS
ALTER COLUMN CATEGORY VARCHAR(20);
ALTER TABLE LMS_BOOK_DETAILS
ALTER COLUMN AUTHOR VARCHAR(100); 

ALTER TABLE LMS_BOOK_DETAILS
ALTER COLUMN CATEGORY VARCHAR(50); 
-------------------------------------------------------------------------------------------------------------------------

INSERT INTO LMS_BOOK_DETAILS 
(BOOK_CODE, BOOK_TITLE, CATEGORY, AUTHOR, PUBLICATION, PUBLISH_DATE, BOOK_EDITION, PRICE, RACK_NUM, DATE_ARRIVAL, SUPPLIER_ID) 
VALUES 
('BL000001', 'Programming in ANSI C', 'C PROGRAMMING', 'E. Balagurusamy', 'Tata McGraw-Hill', '2013-07-01', 6, 400, 'A1', '2015-01-02', 'S01');

INSERT INTO LMS_BOOK_DETAILS 
(BOOK_CODE, BOOK_TITLE, CATEGORY, AUTHOR, PUBLICATION, PUBLISH_DATE, BOOK_EDITION, PRICE, RACK_NUM, DATE_ARRIVAL, SUPPLIER_ID) 
VALUES 
('BL000002', 'Let Us C', 'C PROGRAMMING', 'Yashavant Kanetkar', 'BPB Publications', '2016-08-01', 13, 375, 'A1', '2017-03-15', 'S01');

INSERT INTO LMS_BOOK_DETAILS 
(BOOK_CODE, BOOK_TITLE, CATEGORY, AUTHOR, PUBLICATION, PUBLISH_DATE, BOOK_EDITION, PRICE, RACK_NUM, DATE_ARRIVAL, SUPPLIER_ID) 
VALUES 
('BL000003', 'The C Programming Language', 'C PROGRAMMING', 'Brian W. Kernighan, Dennis M. Ritchie', 'Prentice Hall', '1988-03-22', 2, 500, 'A1', '2000-05-10', 'S02');

INSERT INTO LMS_BOOK_DETAILS 
(BOOK_CODE, BOOK_TITLE, CATEGORY, AUTHOR, PUBLICATION, PUBLISH_DATE, BOOK_EDITION, PRICE, RACK_NUM, DATE_ARRIVAL, SUPPLIER_ID) 
VALUES 
('BL000004', 'Object-Oriented Programming with C++', 'C++ PROGRAMMING', 'E. Balagurusamy', 'Tata McGraw-Hill', '2008-10-01', 4, 575, 'A2', '2009-12-12', 'S01');

INSERT INTO LMS_BOOK_DETAILS 
(BOOK_CODE, BOOK_TITLE, CATEGORY, AUTHOR, PUBLICATION, PUBLISH_DATE, BOOK_EDITION, PRICE, RACK_NUM, DATE_ARRIVAL, SUPPLIER_ID) 
VALUES 
('BL000005', 'Effective Modern C++', 'C++ PROGRAMMING', 'Scott Meyers', 'O''Reilly Media', '2014-11-01', 1, 700, 'A2', '2016-06-15', 'S03');

INSERT INTO LMS_BOOK_DETAILS 
(BOOK_CODE, BOOK_TITLE, CATEGORY, AUTHOR, PUBLICATION, PUBLISH_DATE, BOOK_EDITION, PRICE, RACK_NUM, DATE_ARRIVAL, SUPPLIER_ID) 
VALUES 
('BL000006', 'Python Crash Course', 'PYTHON PROGRAMMING', 'Eric Matthes', 'No Starch Press', '2015-11-01', 2, 650, 'A3', '2017-08-20', 'S04');

INSERT INTO LMS_BOOK_DETAILS 
(BOOK_CODE, BOOK_TITLE, CATEGORY, AUTHOR, PUBLICATION, PUBLISH_DATE, BOOK_EDITION, PRICE, RACK_NUM, DATE_ARRIVAL, SUPPLIER_ID) 
VALUES 
('BL000007', 'Learning Python', 'PYTHON PROGRAMMING', 'Mark Lutz', 'O''Reilly Media', '2013-06-01', 5, 800, 'A3', '2015-03-22', 'S05');

INSERT INTO LMS_BOOK_DETAILS 
(BOOK_CODE, BOOK_TITLE, CATEGORY, AUTHOR, PUBLICATION, PUBLISH_DATE, BOOK_EDITION, PRICE, RACK_NUM, DATE_ARRIVAL, SUPPLIER_ID) 
VALUES 
('BL000008', 'Automate the Boring Stuff with Python', 'PYTHON PROGRAMMING', 'Al Sweigart', 'No Starch Press', '2015-04-14', 1, 600, 'A3', '2016-09-10', 'S04');

INSERT INTO LMS_BOOK_DETAILS 
(BOOK_CODE, BOOK_TITLE, CATEGORY, AUTHOR, PUBLICATION, PUBLISH_DATE, BOOK_EDITION, PRICE, RACK_NUM, DATE_ARRIVAL, SUPPLIER_ID) 
VALUES 
('BL000009', 'Java: The Complete Reference', 'JAVA', 'Herbert Schildt', 'Tata McGraw-Hill', '2018-03-01', 11, 850, 'A2', '2018-12-01', 'S01');

INSERT INTO LMS_BOOK_DETAILS 
(BOOK_CODE, BOOK_TITLE, CATEGORY, AUTHOR, PUBLICATION, PUBLISH_DATE, BOOK_EDITION, PRICE, RACK_NUM, DATE_ARRIVAL, SUPPLIER_ID) 
VALUES 
('BL000010', 'Effective Java', 'JAVA', 'Joshua Bloch', 'Addison-Wesley', '2018-05-01', 3, 950, 'A2', '2019-01-01', 'S02');

INSERT INTO LMS_BOOK_DETAILS 
(BOOK_CODE, BOOK_TITLE, CATEGORY, AUTHOR, PUBLICATION, PUBLISH_DATE, BOOK_EDITION, PRICE, RACK_NUM, DATE_ARRIVAL, SUPPLIER_ID) 
VALUES 
('BL000011', 'Java Concurrency in Practice', 'JAVA', 'Brian Goetz', 'Addison-Wesley', '2006-05-09', 1, 1050, 'A2', '2007-04-20', 'S03');

INSERT INTO LMS_BOOK_DETAILS 
(BOOK_CODE, BOOK_TITLE, CATEGORY, AUTHOR, PUBLICATION, PUBLISH_DATE, BOOK_EDITION, PRICE, RACK_NUM, DATE_ARRIVAL, SUPPLIER_ID) 
VALUES 
('BL000012', 'Cracking the Coding Interview', 'PROGRAMMING', 'Gayle Laakmann McDowell', 'CareerCup', '2015-07-01', 6, 750, 'A5', '2016-05-05', 'S04');

INSERT INTO LMS_BOOK_DETAILS 
(BOOK_CODE, BOOK_TITLE, CATEGORY, AUTHOR, PUBLICATION, PUBLISH_DATE, BOOK_EDITION, PRICE, RACK_NUM, DATE_ARRIVAL, SUPPLIER_ID) 
VALUES 
('BL000013', 'Clean Code', 'FUNDAMENTALS', 'Robert C. Martin', 'Prentice Hall', '2008-08-01', 1, 1200, 'A6', '2009-02-20', 'S02');

INSERT INTO LMS_BOOK_DETAILS 
(BOOK_CODE, BOOK_TITLE, CATEGORY, AUTHOR, PUBLICATION, PUBLISH_DATE, BOOK_EDITION, PRICE, RACK_NUM, DATE_ARRIVAL, SUPPLIER_ID) 
VALUES 
('BL000014', 'The Pragmatic Programmer', 'FUNDAMENTALS', 'Andrew Hunt, David Thomas', 'Addison-Wesley', '1999-10-01', 1, 950, 'A6', '2001-01-10', 'S01');

INSERT INTO LMS_BOOK_DETAILS 
(BOOK_CODE, BOOK_TITLE, CATEGORY, AUTHOR, PUBLICATION, PUBLISH_DATE, BOOK_EDITION, PRICE, RACK_NUM, DATE_ARRIVAL, SUPPLIER_ID) 
VALUES 
('BL000015', 'Head First Design Patterns', 'FUNDAMENTALS', 'Eric Freeman, Bert Bates', 'O''Reilly Media', '2004-10-25', 1, 1100, 'A7', '2006-02-15', 'S03');

INSERT INTO LMS_BOOK_DETAILS 
(BOOK_CODE, BOOK_TITLE, CATEGORY, AUTHOR, PUBLICATION, PUBLISH_DATE, BOOK_EDITION, PRICE, RACK_NUM, DATE_ARRIVAL, SUPPLIER_ID) 
VALUES 
('BL000016', 'You Don''t Know JS', 'JAVASCRIPT', 'Kyle Simpson', 'O''Reilly Media', '2015-01-01', 1, 500, 'A8', '2016-01-05', 'S04');

INSERT INTO LMS_BOOK_DETAILS 
(BOOK_CODE, BOOK_TITLE, CATEGORY, AUTHOR, PUBLICATION, PUBLISH_DATE, BOOK_EDITION, PRICE, RACK_NUM, DATE_ARRIVAL, SUPPLIER_ID) 
VALUES 
('BL000017', 'Eloquent JavaScript', 'JAVASCRIPT', 'Marijn Haverbeke', 'No Starch Press', '2018-12-04', 3, 700, 'A8', '2020-02-20', 'S05');

INSERT INTO LMS_BOOK_DETAILS 
(BOOK_CODE, BOOK_TITLE, CATEGORY, AUTHOR, PUBLICATION, PUBLISH_DATE, BOOK_EDITION, PRICE, RACK_NUM, DATE_ARRIVAL, SUPPLIER_ID) 
VALUES 
('BL000018', 'JavaScript: The Good Parts', 'JAVASCRIPT', 'Douglas Crockford', 'O''Reilly Media', '2008-05-01', 1, 600, 'A8', '2010-07-15', 'S03');

INSERT INTO LMS_BOOK_DETAILS 
(BOOK_CODE, BOOK_TITLE, CATEGORY, AUTHOR, PUBLICATION, PUBLISH_DATE, BOOK_EDITION, PRICE, RACK_NUM, DATE_ARRIVAL, SUPPLIER_ID) 
VALUES 
('BL000019', 'Learning React', 'JAVASCRIPT', 'Alex Banks, Eve Porcello', 'O''Reilly Media', '2017-05-01', 2, 850, 'A8', '2018-11-01', 'S04');


INSERT INTO LMS_BOOK_DETAILS 
(BOOK_CODE, BOOK_TITLE, CATEGORY, AUTHOR, PUBLICATION, PUBLISH_DATE, BOOK_EDITION, PRICE, RACK_NUM, DATE_ARRIVAL, SUPPLIER_ID) 
VALUES 
('BL000020', 'React Up & Running', 'JAVASCRIPT', 'Stoyan Stefanov', 'O''Reilly Media', '2016-09-19', 1, 650, 'A8', '2017-03-25', 'S05');

INSERT INTO LMS_BOOK_DETAILS 
(BOOK_CODE, BOOK_TITLE, CATEGORY, AUTHOR, PUBLICATION, PUBLISH_DATE, BOOK_EDITION, PRICE, RACK_NUM, DATE_ARRIVAL, SUPPLIER_ID) 
VALUES 
('BL000021', 'Pro Angular', 'WEB DEVELOPMENT', 'Adam Freeman', 'Apress', '2017-12-22', 5, 1200, 'A9', '2018-05-14', 'S04');

INSERT INTO LMS_BOOK_DETAILS 
(BOOK_CODE, BOOK_TITLE, CATEGORY, AUTHOR, PUBLICATION, PUBLISH_DATE, BOOK_EDITION, PRICE, RACK_NUM, DATE_ARRIVAL, SUPPLIER_ID) 
VALUES 
('BL000022', 'HTML and CSS: Design and Build Websites', 'WEB DEVELOPMENT', 'Jon Duckett', 'Wiley', '2011-10-08', 1, 850, 'A9', '2012-04-10', 'S02');

INSERT INTO LMS_BOOK_DETAILS 
(BOOK_CODE, BOOK_TITLE, CATEGORY, AUTHOR, PUBLICATION, PUBLISH_DATE, BOOK_EDITION, PRICE, RACK_NUM, DATE_ARRIVAL, SUPPLIER_ID) 
VALUES 
('BL000023', 'Don''t Make Me Think', 'WEB DEVELOPMENT', 'Steve Krug', 'New Riders', '2013-01-03', 3, 650, 'A9', '2013-09-15', 'S01');

INSERT INTO LMS_BOOK_DETAILS 
(BOOK_CODE, BOOK_TITLE, CATEGORY, AUTHOR, PUBLICATION, PUBLISH_DATE, BOOK_EDITION, PRICE, RACK_NUM, DATE_ARRIVAL, SUPPLIER_ID) 
VALUES 
('BL000024', 'Bootstrap 4 Quick Start', 'WEB DEVELOPMENT', 'Jacob Lett', 'Leanpub', '2017-06-01', 1, 500, 'A9', '2018-02-01', 'S05');

INSERT INTO LMS_BOOK_DETAILS 
(BOOK_CODE, BOOK_TITLE, CATEGORY, AUTHOR, PUBLICATION, PUBLISH_DATE, BOOK_EDITION, PRICE, RACK_NUM, DATE_ARRIVAL, SUPPLIER_ID) 
VALUES 
('BL000025', 'Data Science from Scratch', 'DATA SCIENCE', 'Joel Grus', 'O''Reilly Media', '2015-04-14', 1, 750, 'A10', '2016-05-10', 'S03');

INSERT INTO LMS_BOOK_DETAILS 
(BOOK_CODE, BOOK_TITLE, CATEGORY, AUTHOR, PUBLICATION, PUBLISH_DATE, BOOK_EDITION, PRICE, RACK_NUM, DATE_ARRIVAL, SUPPLIER_ID) 
VALUES 
('BL000026', 'Python for Data Analysis', 'DATA SCIENCE', 'Wes McKinney', 'O''Reilly Media', '2017-09-25', 2, 950, 'A10', '2018-07-20', 'S04');

INSERT INTO LMS_BOOK_DETAILS 
(BOOK_CODE, BOOK_TITLE, CATEGORY, AUTHOR, PUBLICATION, PUBLISH_DATE, BOOK_EDITION, PRICE, RACK_NUM, DATE_ARRIVAL, SUPPLIER_ID) 
VALUES 
('BL000027', 'Hands-On Machine Learning with Scikit-Learn, Keras, and TensorFlow', 'DATA SCIENCE', 'Aurélien Géron', 'O''Reilly Media', '2019-10-15', 2, 1250, 'A10', '2020-05-22', 'S05');

INSERT INTO LMS_BOOK_DETAILS 
(BOOK_CODE, BOOK_TITLE, CATEGORY, AUTHOR, PUBLICATION, PUBLISH_DATE, BOOK_EDITION, PRICE, RACK_NUM, DATE_ARRIVAL, SUPPLIER_ID) 
VALUES 
('BL000028', 'Deep Learning', 'DATA SCIENCE', 'Ian Goodfellow, Yoshua Bengio, Aaron Courville', 'MIT Press', '2016-11-18', 1, 1500, 'A10', '2017-03-28', 'S01');

INSERT INTO LMS_BOOK_DETAILS 
(BOOK_CODE, BOOK_TITLE, CATEGORY, AUTHOR, PUBLICATION, PUBLISH_DATE, BOOK_EDITION, PRICE, RACK_NUM, DATE_ARRIVAL, SUPPLIER_ID) 
VALUES 
('BL000029', 'Practical Statistics for Data Scientists', 'DATA SCIENCE', 'Peter Bruce, Andrew Bruce', 'O''Reilly Media', '2017-05-25', 1, 850, 'A10', '2018-06-11', 'S03');

INSERT INTO LMS_BOOK_DETAILS 
(BOOK_CODE, BOOK_TITLE, CATEGORY, AUTHOR, PUBLICATION, PUBLISH_DATE, BOOK_EDITION, PRICE, RACK_NUM, DATE_ARRIVAL, SUPPLIER_ID) 
VALUES 
('BL000030', 'Introduction to the Theory of Computation', 'THEORETICAL COMPUTER SCIENCE', 'Michael Sipser', 'Cengage Learning', '2012-06-27', 3, 1200, 'A11', '2013-01-30', 'S02');

INSERT INTO LMS_BOOK_DETAILS 
(BOOK_CODE, BOOK_TITLE, CATEGORY, AUTHOR, PUBLICATION, PUBLISH_DATE, BOOK_EDITION, PRICE, RACK_NUM, DATE_ARRIVAL, SUPPLIER_ID) 
VALUES 
('BL000031', 'Algorithms', 'THEORETICAL COMPUTER SCIENCE', 'Robert Sedgewick, Kevin Wayne', 'Addison-Wesley', '2011-04-01', 4, 950, 'A11', '2012-02-15', 'S03');

INSERT INTO LMS_BOOK_DETAILS 
(BOOK_CODE, BOOK_TITLE, CATEGORY, AUTHOR, PUBLICATION, PUBLISH_DATE, BOOK_EDITION, PRICE, RACK_NUM, DATE_ARRIVAL, SUPPLIER_ID) 
VALUES 
('BL000032', 'Artificial Intelligence: A Modern Approach', 'AI', 'Stuart Russell, Peter Norvig', 'Pearson', '2020-04-06', 4, 1800, 'A12', '2021-03-25', 'S04');

INSERT INTO LMS_BOOK_DETAILS 
(BOOK_CODE, BOOK_TITLE, CATEGORY, AUTHOR, PUBLICATION, PUBLISH_DATE, BOOK_EDITION, PRICE, RACK_NUM, DATE_ARRIVAL, SUPPLIER_ID) 
VALUES 
('BL000033', 'Reinforcement Learning: An Introduction', 'AI', 'Richard S. Sutton, Andrew G. Barto', 'MIT Press', '2018-10-15', 2, 1400, 'A12', '2019-04-30', 'S01');

INSERT INTO LMS_BOOK_DETAILS 
(BOOK_CODE, BOOK_TITLE, CATEGORY, AUTHOR, PUBLICATION, PUBLISH_DATE, BOOK_EDITION, PRICE, RACK_NUM, DATE_ARRIVAL, SUPPLIER_ID) 
VALUES 
('BL000034', 'Natural Language Processing with Python', 'AI', 'Steven Bird, Ewan Klein, Edward Loper', 'O''Reilly Media', '2009-06-15', 1, 950, 'A12', '2011-03-05', 'S05');


-----------------------------------------------------------------------------------------------------------------------------------------



INSERT INTO LMS_FINE_DETAILS (FINE_RANGE, FINE_AMOUNT, MAX_DAYS_DELAYED) VALUES 
('R1', 20, 5),
('R2', 50, 10),
('R3', 75, 15),
('R4', 100, 20),
('R5', 150, 25),
('R6', 200, 90);


---------------------------------------------------------------------------------------------------


Insert into LMS_BOOK_ISSUE (BOOK_ISSUE_NO, MEMBER_ID, BOOK_CODE, DATE_ISSUE, DATE_RETURN, DATE_RETURNED, FINE_RANGE) 
values (1, 'LM001', 'BL000001', CONVERT(DATE, '01-05-12', 3), CONVERT(DATE, '16-05-12', 3), CONVERT(DATE, '16-05-12', 3), null);

Insert into LMS_BOOK_ISSUE (BOOK_ISSUE_NO, MEMBER_ID, BOOK_CODE, DATE_ISSUE, DATE_RETURN, DATE_RETURNED, FINE_RANGE) 
values (2, 'LM002', 'BL000002', CONVERT(DATE, '01-05-12', 3), CONVERT(DATE, '06-05-12', 3), CONVERT(DATE, '16-05-12', 3), 'R2');

Insert into LMS_BOOK_ISSUE (BOOK_ISSUE_NO, MEMBER_ID, BOOK_CODE, DATE_ISSUE, DATE_RETURN, DATE_RETURNED, FINE_RANGE) 
values (3, 'LM003', 'BL000007', CONVERT(DATE, '01-04-12', 3), CONVERT(DATE, '16-04-12', 3), CONVERT(DATE, '20-04-12', 3), 'R1');

Insert into LMS_BOOK_ISSUE (BOOK_ISSUE_NO, MEMBER_ID, BOOK_CODE, DATE_ISSUE, DATE_RETURN, DATE_RETURNED, FINE_RANGE) 
values (4, 'LM004', 'BL000005', CONVERT(DATE, '01-04-12', 3), CONVERT(DATE, '16-04-12', 3), CONVERT(DATE, '20-04-12', 3), 'R1');

Insert into LMS_BOOK_ISSUE (BOOK_ISSUE_NO, MEMBER_ID, BOOK_CODE, DATE_ISSUE, DATE_RETURN, DATE_RETURNED, FINE_RANGE) 
values (5, 'LM005', 'BL000005', CONVERT(DATE, '20-04-12', 3), CONVERT(DATE, '05-05-12', 3), CONVERT(DATE, '05-05-12', 3), null);

Insert into LMS_BOOK_ISSUE (BOOK_ISSUE_NO, MEMBER_ID, BOOK_CODE, DATE_ISSUE, DATE_RETURN, DATE_RETURNED, FINE_RANGE) 
values (6, 'LM003', 'BL000007', CONVERT(DATE, '22-04-12', 3), CONVERT(DATE, '07-05-12', 3), CONVERT(DATE, '25-05-12', 3), 'R4');

Insert into LMS_BOOK_ISSUE (BOOK_ISSUE_NO, MEMBER_ID, BOOK_CODE, DATE_ISSUE, DATE_RETURN, DATE_RETURNED, FINE_RANGE) 
values (7, 'LM001', 'BL000002', CONVERT(DATE, '01-05-13', 3), CONVERT(DATE, '16-05-13', 3), CONVERT(DATE, '16-05-13', 3), null);

Insert into LMS_BOOK_ISSUE (BOOK_ISSUE_NO, MEMBER_ID, BOOK_CODE, DATE_ISSUE, DATE_RETURN, DATE_RETURNED, FINE_RANGE) 
values (8, 'LM002', 'BL000001', CONVERT(DATE, '01-05-13', 3), CONVERT(DATE, '06-05-13', 3), CONVERT(DATE, '16-05-13', 3), 'R2');

Insert into LMS_BOOK_ISSUE (BOOK_ISSUE_NO, MEMBER_ID, BOOK_CODE, DATE_ISSUE, DATE_RETURN, DATE_RETURNED, FINE_RANGE) 
values (9, 'LM003', 'BL000005', CONVERT(DATE, '01-04-20', 3), CONVERT(DATE, '16-04-20', 3), CONVERT(DATE, '20-04-20', 3), 'R1');

Insert into LMS_BOOK_ISSUE (BOOK_ISSUE_NO, MEMBER_ID, BOOK_CODE, DATE_ISSUE, DATE_RETURN, DATE_RETURNED, FINE_RANGE) 
values (10, 'LM004', 'BL000007', CONVERT(DATE, '01-04-20', 3), CONVERT(DATE, '16-04-20', 3), CONVERT(DATE, '20-04-20', 3), 'R1');

Insert into LMS_BOOK_ISSUE (BOOK_ISSUE_NO, MEMBER_ID, BOOK_CODE, DATE_ISSUE, DATE_RETURN, DATE_RETURNED, FINE_RANGE) 
values (11, 'LM005', 'BL000002', CONVERT(DATE, '20-04-13', 3), CONVERT(DATE, '05-05-13', 3), CONVERT(DATE, '05-05-13', 3), null);

Insert into LMS_BOOK_ISSUE (BOOK_ISSUE_NO, MEMBER_ID, BOOK_CODE, DATE_ISSUE, DATE_RETURN, DATE_RETURNED, FINE_RANGE) 
values (12, 'LM003', 'BL000001', CONVERT(DATE, '22-04-13', 3), CONVERT(DATE, '07-05-13', 3), CONVERT(DATE, '25-05-13', 3), 'R4');

Insert into LMS_BOOK_ISSUE (BOOK_ISSUE_NO, MEMBER_ID, BOOK_CODE, DATE_ISSUE, DATE_RETURN, DATE_RETURNED, FINE_RANGE) 
values (13, 'LM001', 'BL000001', CONVERT(DATE, '16-05-12', 3), CONVERT(DATE, '31-05-12', 3), CONVERT(DATE, '31-05-12', 3), null);

Insert into LMS_BOOK_ISSUE (BOOK_ISSUE_NO, MEMBER_ID, BOOK_CODE, DATE_ISSUE, DATE_RETURN, DATE_RETURNED, FINE_RANGE) 
values (14, 'LM002', 'BL000002', CONVERT(DATE, '06-05-12', 3), CONVERT(DATE, '21-05-12', 3), CONVERT(DATE, '31-05-12', 3), 'R2');

Insert into LMS_BOOK_ISSUE (BOOK_ISSUE_NO, MEMBER_ID, BOOK_CODE, DATE_ISSUE, DATE_RETURN, DATE_RETURNED, FINE_RANGE) 
values (15, 'LM003', 'BL000007', CONVERT(DATE, '16-04-12', 3), CONVERT(DATE, '01-05-12', 3), CONVERT(DATE, '06-05-12', 3), 'R1');

Insert into LMS_BOOK_ISSUE (BOOK_ISSUE_NO, MEMBER_ID, BOOK_CODE, DATE_ISSUE, DATE_RETURN, DATE_RETURNED, FINE_RANGE) 
values (16, 'LM004', 'BL000005', CONVERT(DATE, '16-04-12', 3), CONVERT(DATE, '01-05-12', 3), CONVERT(DATE, '06-05-12', 3), 'R1');

Insert into LMS_BOOK_ISSUE (BOOK_ISSUE_NO, MEMBER_ID, BOOK_CODE, DATE_ISSUE, DATE_RETURN, DATE_RETURNED, FINE_RANGE) 
values (17, 'LM005', 'BL000005', CONVERT(DATE, '05-05-12', 3), CONVERT(DATE, '20-05-12', 3), CONVERT(DATE, '20-05-12', 3), null);

Insert into LMS_BOOK_ISSUE (BOOK_ISSUE_NO, MEMBER_ID, BOOK_CODE, DATE_ISSUE, DATE_RETURN, DATE_RETURNED, FINE_RANGE) 
values (18, 'LM003', 'BL000007', CONVERT(DATE, '07-05-12', 3), CONVERT(DATE, '22-05-12', 3), CONVERT(DATE, '11-06-12', 3), 'R4');

Insert into LMS_BOOK_ISSUE (BOOK_ISSUE_NO, MEMBER_ID, BOOK_CODE, DATE_ISSUE, DATE_RETURN, DATE_RETURNED, FINE_RANGE) 
values (19, 'LM001', 'BL000002', CONVERT(DATE, '16-05-13', 3), CONVERT(DATE, '31-05-13', 3), CONVERT(DATE, '31-05-13', 3), null);

Insert into LMS_BOOK_ISSUE (BOOK_ISSUE_NO, MEMBER_ID, BOOK_CODE, DATE_ISSUE, DATE_RETURN, DATE_RETURNED, FINE_RANGE) 
values (20, 'LM002', 'BL000001', CONVERT(DATE, '06-05-13', 3), CONVERT(DATE, '21-05-13', 3), CONVERT(DATE, '31-05-13', 3), 'R2');

Insert into LMS_BOOK_ISSUE (BOOK_ISSUE_NO, MEMBER_ID, BOOK_CODE, DATE_ISSUE, DATE_RETURN, DATE_RETURNED, FINE_RANGE) 
values (21, 'LM003', 'BL000005', CONVERT(DATE, '16-04-20', 3), CONVERT(DATE, '01-05-20', 3), CONVERT(DATE, '06-05-20', 3), 'R1');

Insert into LMS_BOOK_ISSUE (BOOK_ISSUE_NO, MEMBER_ID, BOOK_CODE, DATE_ISSUE, DATE_RETURN, DATE_RETURNED, FINE_RANGE) 
values (22, 'LM004', 'BL000007', CONVERT(DATE, '16-04-20', 3), CONVERT(DATE, '01-05-20', 3), CONVERT(DATE, '06-05-20', 3), 'R1');

Insert into LMS_BOOK_ISSUE (BOOK_ISSUE_NO, MEMBER_ID, BOOK_CODE, DATE_ISSUE, DATE_RETURN, DATE_RETURNED, FINE_RANGE) 
values (23, 'LM005', 'BL000002', CONVERT(DATE, '05-05-13', 3), CONVERT(DATE, '20-05-13', 3), CONVERT(DATE, '20-05-13', 3), null);

Insert into LMS_BOOK_ISSUE (BOOK_ISSUE_NO, MEMBER_ID, BOOK_CODE, DATE_ISSUE, DATE_RETURN, DATE_RETURNED, FINE_RANGE) 
values (24, 'LM003', 'BL000001', CONVERT(DATE, '07-05-13', 3), CONVERT(DATE, '22-05-13', 3), CONVERT(DATE, '11-06-13', 3), 'R4');



